{
  "accuracy": 0.7821229050279329,
  "precision": 0.7536231884057971,
  "recall": 0.7027027027027027,
  "f1": 0.7272727272727273
}