{
  "accuracy": 0.8204264870931538,
  "precision": 0.7993421052631579,
  "recall": 0.7105263157894737,
  "f1": 0.7523219814241486
}